Column-0,Symbol,Name,Price (Intraday),Change,% Change,Market Cap,Volume in Currency (Since 0:00 UTC),Volume in Currency (24Hr),Total Volume All Currencies (24Hr),Circulating Supply,52 Week Range,1 Day Chart
,BTC-USD,Bitcoin USD,"10,666.70",+340.20,+3.29%,180.073B,466.909M,1.328B,5.65B,16.882M,,
,ETH-USD,Ethereum USD,879.06,+11.45,+1.32%,86.033B,97.105M,258.645M,996.333M,97.87M,,
,XRP-USD,Ripple USD,0.9446,+0.0150,+1.6136%,36.184B,21.127M,62.214M,293.6M,38.306B,,
,BCH-USD,Bitcoin Cash / BCC USD,"1,270.02",+25.60,+2.06%,21.569B,18.122M,54.254M,313.993M,16.983M,,
,LTC-USD,Litecoin USD,217.59,-1.03,-0.47%,12.042B,75.24M,207.111M,749.387M,55.345M,,
,NEO-USD,NEO USD,138.08,+3.71,+2.76%,8.975B,24.2M,52.54M,336.776M,65M,,
,ADA-USD,Cardano USD,0.3257,+0.0023,+0.7112%,8.444B,"592,753",1.78M,46.976M,25.927B,,
,XLM-USD,Stellar USD,0.3599,+0.0053,+1.4946%,6.647B,1.087M,3.127M,23.869M,18.468B,,
,VEN-USD,Vechain USD,5.57,-0.09,-1.59%,5.57B,"48,274","97,514",77.73M,1B,,
,EOS-USD,EOS USD,8.27,+0.28,+3.50%,5.401B,15.908M,32.106M,134.093M,653.096M,,
,IOT-USD,IOTA USD,1.89,+0.04,+2.16%,5.253B,5.78M,13.984M,33.162M,2.78B,,
,DASH-USD,DigitalCash USD,625.22,+1.84,+0.30%,4.944B,4.428M,9.438M,65.189M,7.907M,,
,XMR-USD,Monero USD,299.14,+7.98,+2.74%,4.717B,8.224M,15.759M,57.499M,15.767M,,
,TRX-USD,Tronix USD,0.04195,+0.00008,+0.19107%,4.195B,"448,538",1.241M,188.092M,100B,,
,ETC-USD,Ethereum Classic USD,35.77,+0.53,+1.50%,3.582B,19.929M,46.978M,378.368M,100.151M,,
,XEM-USD,NEM USD,0.3928,-0.0039,-0.9831%,3.535B,"63,532","196,291",10.57M,9B,,
,LSK-USD,Lisk USD,20.21,-0.27,-1.32%,3.232B,"35,294","143,893",28.981M,159.918M,,
,QTUM-USD,QTUM USD,27.62,+0.15,+0.55%,2.762B,"512,278",1.396M,54.189M,100M,,
,OMG-USD,OmiseGo USD,18.33,+0.50,+2.80%,2.571B,4.89M,9.57M,38.797M,140.245M,,
,USDT-USD,Tether USD,1.0,0.0,0.0%,2.217B,"613,209",3.182M,3.191M,2.217B,,
,BNB-USD,Binance Coin USD,10.90,+0.64,+6.20%,2.15B,0,0,69.503M,197.192M,,
,XRB-USD,Nano USD,15.03,+0.96,+6.81%,2.003B,0,"1,409",164.855M,133.248M,,
,BTG-USD,Bitcoin Gold USD,118.41,+2.68,+2.32%,2.006B,1.687M,3.453M,29.795M,16.942M,,
,ICX-USD,ICON Project USD,4.04,-0.10,-2.39%,1.619B,0,"5,259",27.371M,400.23M,,
,WTC-USD,Waltonchain USD,21.67,-1.00,-4.42%,1.517B,0,0,5.101M,70M,,
